INSERT INTO `provincias` (`codpro`,`nombre`) VALUES ('aa','A');
INSERT INTO `provincias` (`codpro`,`nombre`) VALUES ('bb','B');
INSERT INTO `provincias` (`codpro`,`nombre`) VALUES ('cc','C');
INSERT INTO `provincias` (`codpro`,`nombre`) VALUES ('dd','D');
INSERT INTO `provincias` (`codpro`,`nombre`) VALUES ('ee','E');
INSERT INTO `provincias` (`codpro`,`nombre`) VALUES ('ff','F');
INSERT INTO `provincias` (`codpro`,`nombre`) VALUES ('gg','G');
INSERT INTO `provincias` (`codpro`,`nombre`) VALUES ('hh','H');
INSERT INTO `provincias` (`codpro`,`nombre`) VALUES ('ii','I');
INSERT INTO `provincias` (`codpro`,`nombre`) VALUES ('jj','J');
INSERT INTO `provincias` (`codpro`,`nombre`) VALUES ('kk','K');
INSERT INTO `pueblos` (`codpue`,`nombre`,`codpro`) VALUES ('aa1','AA1','aa');
INSERT INTO `pueblos` (`codpue`,`nombre`,`codpro`) VALUES ('aa2','AA2','aa');
INSERT INTO `pueblos` (`codpue`,`nombre`,`codpro`) VALUES ('aa3','AA3','aa');
INSERT INTO `pueblos` (`codpue`,`nombre`,`codpro`) VALUES ('bb1','BB1','bb');
INSERT INTO `pueblos` (`codpue`,`nombre`,`codpro`) VALUES ('bb2','BB2','bb');
INSERT INTO `pueblos` (`codpue`,`nombre`,`codpro`) VALUES ('bb3','BB3','bb');
INSERT INTO `pueblos` (`codpue`,`nombre`,`codpro`) VALUES ('cc1','CC1','cc');
INSERT INTO `pueblos` (`codpue`,`nombre`,`codpro`) VALUES ('cc2','CC2','cc');
INSERT INTO `pueblos` (`codpue`,`nombre`,`codpro`) VALUES ('cc3','CC3','cc');
INSERT INTO `pueblos` (`codpue`,`nombre`,`codpro`) VALUES ('dd1','DD1','dd');
INSERT INTO `pueblos` (`codpue`,`nombre`,`codpro`) VALUES ('dd2','DD2','dd');
INSERT INTO `pueblos` (`codpue`,`nombre`,`codpro`) VALUES ('dd3','DD3','dd');
INSERT INTO `pueblos` (`codpue`,`nombre`,`codpro`) VALUES ('ee1','EE1','ee');
INSERT INTO `pueblos` (`codpue`,`nombre`,`codpro`) VALUES ('ee2','EE2','ee');
INSERT INTO `pueblos` (`codpue`,`nombre`,`codpro`) VALUES ('ee3','EE3','ee');
INSERT INTO `pueblos` (`codpue`,`nombre`,`codpro`) VALUES ('ff1','FF1','ff');
INSERT INTO `pueblos` (`codpue`,`nombre`,`codpro`) VALUES ('ff2','FF2','ff');
INSERT INTO `pueblos` (`codpue`,`nombre`,`codpro`) VALUES ('ff3','FF3','ff');
INSERT INTO `pueblos` (`codpue`,`nombre`,`codpro`) VALUES ('gg1','GG1','gg');
INSERT INTO `pueblos` (`codpue`,`nombre`,`codpro`) VALUES ('gg2','GG2','gg');
INSERT INTO `pueblos` (`codpue`,`nombre`,`codpro`) VALUES ('gg3','GG3','gg');
INSERT INTO `pueblos` (`codpue`,`nombre`,`codpro`) VALUES ('hh1','HH1','hh');
INSERT INTO `pueblos` (`codpue`,`nombre`,`codpro`) VALUES ('hh2','HH2','hh');
INSERT INTO `pueblos` (`codpue`,`nombre`,`codpro`) VALUES ('hh3','HH3','hh');
INSERT INTO `pueblos` (`codpue`,`nombre`,`codpro`) VALUES ('ii1','II1','ii');
INSERT INTO `pueblos` (`codpue`,`nombre`,`codpro`) VALUES ('ii2','II2','ii');
INSERT INTO `pueblos` (`codpue`,`nombre`,`codpro`) VALUES ('ii3','II3','ii');
INSERT INTO `pueblos` (`codpue`,`nombre`,`codpro`) VALUES ('jj1','JJ1','jj');
INSERT INTO `pueblos` (`codpue`,`nombre`,`codpro`) VALUES ('jj2','JJ2','jj');
INSERT INTO `pueblos` (`codpue`,`nombre`,`codpro`) VALUES ('jj3','JJ3','jj');
INSERT INTO `pueblos` (`codpue`,`nombre`,`codpro`) VALUES ('kk1','KK1','kk');
INSERT INTO `pueblos` (`codpue`,`nombre`,`codpro`) VALUES ('kk2','KK2','kk');
INSERT INTO `pueblos` (`codpue`,`nombre`,`codpro`) VALUES ('kk3','KK3','kk');
INSERT INTO `clientes` (`codcli`,`nombre`,`direccion`,`codpue`) VALUES (1,'Perez Reynoso Juan','Av aaa11 100','aa1');
INSERT INTO `clientes` (`codcli`,`nombre`,`direccion`,`codpue`) VALUES (2,'Flores Reynoso Elmer','Av aaa12 100','aa1');
INSERT INTO `clientes` (`codcli`,`nombre`,`direccion`,`codpue`) VALUES (3,'Figueroa Berroa Alex','Av aaa13 100','aa1');
INSERT INTO `clientes` (`codcli`,`nombre`,`direccion`,`codpue`) VALUES (4,'Uscamayta Cardenas Jose','Av aaa31 100','aa3');
INSERT INTO `clientes` (`codcli`,`nombre`,`direccion`,`codpue`) VALUES (5,'Vizcarra Reyes Mariano','Av bbb11 100','bb2');
INSERT INTO `clientes` (`codcli`,`nombre`,`direccion`,`codpue`) VALUES (6,'Huamani Condori Reyna','Av bbb21 100','bb1');
INSERT INTO `clientes` (`codcli`,`nombre`,`direccion`,`codpue`) VALUES (7,'Tapia Arredondo Maria','Av bbb2111 100','bb1');
INSERT INTO `clientes` (`codcli`,`nombre`,`direccion`,`codpue`) VALUES (8,'De la Cruz Jaime','Av jjj1 100','jj1');
INSERT INTO `clientes` (`codcli`,`nombre`,`direccion`,`codpue`) VALUES (9,'Portugal Cabrera Karen','Av hhh1 100','jj1');
INSERT INTO `clientes` (`codcli`,`nombre`,`direccion`,`codpue`) VALUES (10,'Moscoso Hernandez Mauricio','Av zxcsdf1 100','jj1');
INSERT INTO `clientes` (`codcli`,`nombre`,`direccion`,`codpue`) VALUES (11,'Jibaja Atencio Bryan','Av asdf11 100','jj1');
INSERT INTO `clientes` (`codcli`,`nombre`,`direccion`,`codpue`) VALUES (12,'Anci Portocarrero Augusto','Av peeef1 100','gg3');
INSERT INTO `vendedores` (`codven`,`nombre`,`direccion`,`codpue`,`codjefe`) VALUES (1,'Mamani Rosales Juana','Av pp999 100','jj1',1);
INSERT INTO `vendedores` (`codven`,`nombre`,`direccion`,`codpue`,`codjefe`) VALUES (2,'Cari Paredes Renato','Av zz48748 100','jj1',1);
INSERT INTO `vendedores` (`codven`,`nombre`,`direccion`,`codpue`,`codjefe`) VALUES (3,'Fernandez Portocarrero Reymundo','Av oo119 100','aa3',1);
INSERT INTO `vendedores` (`codven`,`nombre`,`direccion`,`codpue`,`codjefe`) VALUES (4,'Peralta Ozzy Pio','Av aadd999 100','aa1',4);
INSERT INTO `vendedores` (`codven`,`nombre`,`direccion`,`codpue`,`codjefe`) VALUES (5,'Ramos Paredes Gabriela','Av aa1111 100','bb1',4);



